Datetime,Water Level (m)
2026-10-01 12:00:00,0.54020536
2026-10-01 13:00:00,0.34520438
2026-10-01 14:00:00,0.1393965
2026-10-01 15:00:00,-0.06681481
2026-10-01 16:00:00,-0.25038967
2026-10-01 17:00:00,-0.32379612
2026-10-01 18:00:00,-0.11357896
2026-10-01 19:00:00,0.1695919
2026-10-01 20:00:00,0.47861856
2026-10-01 21:00:00,0.7770523
2026-10-01 22:00:00,0.9987483
2026-10-01 23:00:00,1.0405014
2026-10-02 00:00:00,0.8589212
2026-10-02 01:00:00,0.65101784
2026-10-02 02:00:00,0.43755087
2026-10-02 03:00:00,0.2200798
2026-10-02 04:00:00,0.018609952
2026-10-02 05:00:00,-0.13346045
2026-10-02 06:00:00,-0.094185755
2026-10-02 07:00:00,0.120476365
2026-10-02 08:00:00,0.3566611
2026-10-02 09:00:00,0.59015
2026-10-02 10:00:00,0.76725584
2026-10-02 11:00:00,0.8027813
2026-10-02 12:00:00,0.6433143
2026-10-02 13:00:00,0.45770106
2026-10-02 14:00:00,0.26287994
2026-10-02 15:00:00,0.06704638
2026-10-02 16:00:00,-0.12842599
2026-10-02 17:00:00,-0.28344998
2026-10-02 18:00:00,-0.25871834
2026-10-02 19:00:00,-0.035618298
2026-10-02 20:00:00,0.22156347
2026-10-02 21:00:00,0.49404788
2026-10-02 22:00:00,0.7473261
2026-10-02 23:00:00,0.92996514
2026-10-03 00:00:00,0.9446011
2026-10-03 01:00:00,0.7821425
2026-10-03 02:00:00,0.5948954
2026-10-03 03:00:00,0.39891222
2026-10-03 04:00:00,0.19859898
2026-10-03 05:00:00,0.012069267
2026-10-03 06:00:00,-0.12760521
2026-10-03 07:00:00,-0.10824128
2026-10-03 08:00:00,0.07837884
2026-10-03 09:00:00,0.2825015
2026-10-03 10:00:00,0.47551176
2026-10-03 11:00:00,0.622546
2026-10-03 12:00:00,0.6528747
2026-10-03 13:00:00,0.5307663
2026-10-03 14:00:00,0.37451524
2026-10-03 15:00:00,0.20845778
2026-10-03 16:00:00,0.03638333
2026-10-03 17:00:00,-0.12674427
2026-10-03 18:00:00,-0.24530129
2026-10-03 19:00:00,-0.20034528
2026-10-03 20:00:00,-0.011604676
2026-10-03 21:00:00,0.20736164
2026-10-03 22:00:00,0.44516453
2026-10-03 23:00:00,0.6715323
2026-10-04 00:00:00,0.8407105
2026-10-04 01:00:00,0.8949414
2026-10-04 02:00:00,0.7788489
2026-10-04 03:00:00,0.6091086
2026-10-04 04:00:00,0.43007743
2026-10-04 05:00:00,0.24151352
2026-10-04 06:00:00,0.06384563
2026-10-04 07:00:00,-0.08671647
2026-10-04 08:00:00,-0.14599524
2026-10-04 09:00:00,-0.030456923
2026-10-04 10:00:00,0.14502947
2026-10-04 11:00:00,0.32663232
2026-10-04 12:00:00,0.49357307
2026-10-04 13:00:00,0.6021932
2026-10-04 14:00:00,0.5856158
2026-10-04 15:00:00,0.45890552
2026-10-04 16:00:00,0.31192806
2026-10-04 17:00:00,0.15402141
2026-10-04 18:00:00,-0.0058300598
2026-10-04 19:00:00,-0.14414705
2026-10-04 20:00:00,-0.20806079
2026-10-04 21:00:00,-0.09185622
2026-10-04 22:00:00,0.09909347
2026-10-04 23:00:00,0.31636402
2026-10-05 00:00:00,0.54393864
2026-10-05 01:00:00,0.74278665
2026-10-05 02:00:00,0.8712229
2026-10-05 03:00:00,0.8607391
2026-10-05 04:00:00,0.7153178
2026-10-05 05:00:00,0.5403997
2026-10-05 06:00:00,0.34878555
2026-10-05 07:00:00,0.1557967
2026-10-05 08:00:00,-0.023382645
2026-10-05 09:00:00,-0.16290754
2026-10-05 10:00:00,-0.1772091
2026-10-05 11:00:00,-0.008765126
2026-10-05 12:00:00,0.19805823
2026-10-05 13:00:00,0.40513057
2026-10-05 14:00:00,0.58442414
2026-10-05 15:00:00,0.6845448
2026-10-05 16:00:00,0.6363224
2026-10-05 17:00:00,0.4868325
2026-10-05 18:00:00,0.32249948
2026-10-05 19:00:00,0.14789626
2026-10-05 20:00:00,-0.023671683
2026-10-05 21:00:00,-0.16837648
2026-10-05 22:00:00,-0.21615852
2026-10-05 23:00:00,-0.04901738
2026-10-06 00:00:00,0.17939141
2026-10-06 01:00:00,0.42606825
2026-10-06 02:00:00,0.6684834
2026-10-06 03:00:00,0.859461
2026-10-06 04:00:00,0.9344107
2026-10-06 05:00:00,0.80855334
2026-10-06 06:00:00,0.6156167
2026-10-06 07:00:00,0.416466
2026-10-06 08:00:00,0.20736612
2026-10-06 09:00:00,0.0048358454
2026-10-06 10:00:00,-0.17222156
2026-10-06 11:00:00,-0.25506437
2026-10-06 12:00:00,-0.09043092
2026-10-06 13:00:00,0.14721583
2026-10-06 14:00:00,0.3935946
2026-10-06 15:00:00,0.6229184
2026-10-06 16:00:00,0.7830302
2026-10-06 17:00:00,0.7904874
2026-10-06 18:00:00,0.6266612
2026-10-06 19:00:00,0.44333905
2026-10-06 20:00:00,0.24839836
2026-10-06 21:00:00,0.055561583
2026-10-06 22:00:00,-0.12445281
2026-10-06 23:00:00,-0.23813339
2026-10-07 00:00:00,-0.11703434
2026-10-07 01:00:00,0.12345192
2026-10-07 02:00:00,0.3918401
2026-10-07 03:00:00,0.66483563
2026-10-07 04:00:00,0.892945
2026-10-07 05:00:00,0.9988379
2026-10-07 06:00:00,0.861269
2026-10-07 07:00:00,0.6533522
2026-10-07 08:00:00,0.44083098
2026-10-07 09:00:00,0.21855165
2026-10-07 10:00:00,0.0038205313
2026-10-07 11:00:00,-0.18965459
2026-10-07 12:00:00,-0.2773765
